Date,Close,High,Low,Open,Volume,SMA_short,SMA_long,EMA_short,EMA_long,Change,Gain,Loss,Avg_Gain,Avg_Loss,RS,RSI,MACD_Line,Signal_Line,MACD_Hist,PE_Ratio,PB_Ratio,ROE,DE_Ratio,EPS,Dividend_Yield,Market_Cap,Symbol,mean_sentiment,sentiment_count
,MSFT,MSFT,MSFT,MSFT,MSFT,,,,,,,,,,,,,,,,,,,,,,,0.0,0.0
2025-04-24,385.9557800292969,387.10181303671203,373.8878249819962,374.3960646492269,22232300,,,385.9557800292969,385.9557800292969,,0.0,-0.0,0.0,-0.0,0.0,0.0,0.0,0.0,0.0,35.0,11.33,0.33,32.66,14.95,0.7,,MSFT,0.0,0.0
2025-04-25,390.4900207519531,390.79894240871675,383.2651831703409,385.65684745985266,18973200,,,386.38761247907365,386.1335933909697,4.53424072265625,4.53424072265625,-0.0,0.6045654296875,-0.0,6045654296.875,99.9999999834592,0.361705812633545,0.072341162526709,0.289364650106836,35.0,11.33,0.33,32.66,14.95,0.7,,MSFT,0.0,0.0
2025-04-28,389.80242919921875,391.37693221129894,385.2981274275963,390.59964052478745,16579400,,,386.71283311908746,386.27746930501866,-0.687591552734375,0.0,0.687591552734375,0.5239567057291667,0.0916788736979166,5.715130264968267,85.10825612398264,0.5861209458162193,0.175097119184611,0.4110238266316082,35.0,11.33,0.33,32.66,14.95,0.7,,MSFT,0.0,0.0
2025-04-29,392.67242431640625,393.7287429695286,389.02512333213684,389.9419132819562,14974000,,,387.28041323311777,386.5282518544848,2.8699951171875,2.8699951171875,-0.0,0.8367618272569446,0.0794550238715277,10.531263933793785,91.32792375804202,0.984210806566182,0.3369198566609253,0.6472909499052566,35.0,11.33,0.33,32.66,14.95,0.7,,MSFT,0.0,0.0
2025-04-30,393.88818359375,395.2833185411371,383.10572919383554,388.94537633492024,36461100,,,387.9097246960352,386.81687662857365,1.21575927734375,1.21575927734375,-0.0,0.887294820601852,0.0688610206886574,12.885298703508829,92.79813836667915,1.3818721405992278,0.5459103134485859,0.8359618271506419,35.0,11.33,0.33,32.66,14.95,0.7,,MSFT,0.0,0.0
2025-05-01,423.9235534667969,435.47332427713997,423.4252888222868,429.6137271918364,58938100,,,391.3396131503934,388.2720404261511,30.035369873046875,30.035369873046875,-0.0,4.773704827594521,0.0596795512635031,79.98895310920125,98.76526370374036,4.073666256673334,1.2514615020935356,2.822204754579799,35.0,11.33,0.33,32.66,14.95,0.7,,MSFT,0.0,0.0
2025-05-02,433.769287109375,437.91485278651635,428.49763841940904,430.2415647531947,30757400,,,395.3805344798202,390.0562461784344,9.845733642578123,9.845733642578123,-0.0,5.449975336259001,0.0517222777617026,105.36997928375052,99.05988512291384,6.921612863185715,2.385491774311972,4.536121088873743,35.0,11.33,0.33,32.66,14.95,0.7,,MSFT,0.0,0.0
2025-05-05,434.65618896484375,437.97461808249534,430.6102521137275,431.367624097433,20136100,,,399.1210730022034,391.8052635426073,0.88690185546875,0.88690185546875,-0.0,4.8415655388203005,0.0448259740601423,108.00803865019076,99.08263646206036,9.144781288517038,3.737349677152985,5.407431611364053,35.0,11.33,0.33,32.66,14.95,0.7,,MSFT,0.0,0.0
2025-05-06,431.8061218261719,436.2107948487266,429.6735648726689,430.6999888667604,15104200,,,402.2339347949623,393.37392465176674,-2.850067138671875,0.0,2.850067138671875,4.196023466977594,0.4188581293417067,10.017767766790689,90.92375133360352,10.555010097432271,5.100881761208843,5.45412833622343,35.0,11.33,0.33,32.66,14.95,0.7,,MSFT,0.0,0.0
2025-05-07,431.8459777832031,436.5994115910065,429.6137314736212,432.3342674079582,23295300,,,405.0541293652709,394.88263261770544,0.03985595703125,0.03985595703125,-0.0,3.641867798984748,0.3630103787628124,10.032406818220233,90.93579473203906,11.54278459560561,6.389262328088197,5.153522267517413,35.0,11.33,0.33,32.66,14.95,0.7,,MSFT,0.0,0.0
2025-05-08,436.6492614746094,442.1301726837614,434.147963172883,436.41007376009867,23491300,,,408.0631895661603,396.5205396317017,4.80328369140625,4.80328369140625,-0.0,3.7967232513076152,0.3146089949277708,12.068069611866257,92.34776038312523,12.568308219464882,7.625071506363534,4.943236713101348,35.0,11.33,0.33,32.66,14.95,0.7,,MSFT,0.0,0.0
2025-05-09,437.2073059082031,439.21030909915044,434.3671913522403,438.4728871570268,15324200,,,410.8388196939739,398.1160990935253,0.55804443359375,0.55804443359375,-0.0,3.3648994089457664,0.2726611289374013,12.340957517704306,92.50428615282722,13.273068925516384,8.754670990194104,4.51839793532228,35.0,11.33,0.33,32.66,14.95,0.7,,MSFT,0.0,0.0
2025-05-12,447.7007751464844,447.8103787748487,438.2536661790282,444.39229048229146,22821900,,,414.34948211802254,400.06059619364135,10.49346923828125,10.49346923828125,-0.0,4.315375386190498,0.2363063117457478,18.26178638357149,94.80837353251458,14.511057692279792,9.905948330611242,4.60510936166855,35.0,11.33,0.33,32.66,14.95,0.7,,MSFT,0.0,0.0
2025-05-13,447.5812072753906,449.1058959658508,443.8142971336702,446.22591154405814,23618800,,,417.5144083234862,401.9241495693962,-0.11956787109375,0.0,0.11956787109375,3.739992001365098,0.2207411863254814,16.942882583998188,94.4267594946432,15.30608555467353,10.9859757754237,4.3201097792498295,35.0,11.33,0.33,32.66,14.95,0.7,,MSFT,0.0,0.0
2025-05-14,451.36798095703125,452.32464056421765,446.5846525094385,446.5846525094385,19902800,,,420.7385580981096,403.8631233493035,3.786773681640625,3.786773681640625,-0.0,3.746229558735169,0.1913090281487506,19.582084520456203,95.14140562873446,16.056621118848796,12.00010484410872,4.056516274740076,35.0,11.33,0.33,32.66,14.95,0.7,,MSFT,0.0,0.0
2025-05-15,452.3863220214844,455.44129747226026,449.6907411096269,450.0301794411029,21992300,,,423.7526308527167,405.7659938854675,1.018341064453125,1.018341064453125,-0.0,3.3825110928308963,0.1658011577289171,20.401010096450957,95.3273233576679,16.542901305394366,12.90866413636585,3.634237169028516,35.0,11.33,0.33,32.66,14.95,0.7,,MSFT,0.0,0.0
2025-05-16,453.5244445800781,453.6142932166669,447.99355872232604,451.30808680840903,23849800,,,426.588041683894,407.638874304864,1.13812255859375,1.13812255859375,-0.0,3.0832592882659435,0.1436943366983949,21.457068936109188,95.54705913382988,16.826157367272117,13.692162782547104,3.133994584725013,35.0,11.33,0.33,32.66,14.95,0.7,,MSFT,0.0,0.0
2025-05-19,458.11688232421875,458.83570185482216,450.0601197660991,450.14000552921704,21336500,,,429.590788411544,409.6184040311132,4.592437744140625,4.592437744140625,-0.0,3.284483082382568,0.1245350918052755,26.37395640674696,96.34689269924633,17.222678861241434,14.398265998285972,2.8244128629554623,35.0,11.33,0.33,32.66,14.95,0.7,,MSFT,0.0,0.0
2025-05-20,457.4180603027344,457.58776423526933,453.57437286704067,454.8422775622727,15441800,,,432.2410047821335,411.4929003554905,-0.698822021484375,0.0,0.698822021484375,2.846552004731559,0.2011066824291555,14.15443768624806,93.40127281062068,17.28132751877712,14.974878302384202,2.3064492163929167,35.0,11.33,0.33,32.66,14.95,0.7,,MSFT,0.0,0.0
2025-05-21,451.8272399902344,457.02868069868646,451.06847756848606,453.8239575485261,19216900,430.12947235107424,,434.1063605162384,413.0746391646962,-5.5908203125,0.0,5.5908203125,2.467011737434018,0.9197351664386016,2.682306632883008,72.84310896137771,16.684347752387453,15.316772192384851,1.3675755600025994,35.0,11.33,0.33,32.66,14.95,0.7,,MSFT,0.0,0.0
2025-05-22,454.11346435546875,459.49463285512667,453.1550484484722,454.2033434579146,18025600,433.5373565673828,,436.0117989771175,414.684004858452,2.286224365234375,2.286224365234375,-0.0,2.442906754474066,0.7971038109134547,3.0647284845804155,75.39811075220624,16.208870417515186,15.49519183741092,0.7136785801042667,35.0,11.33,0.33,32.66,14.95,0.7,,MSFT,0.0,0.0
2025-05-23,449.441162109375,452.94541128469075,448.17325738802526,449.24150862772166,16883500,436.4849136352539,,437.2907859420943,416.047030632998,-4.67230224609375,0.0,4.67230224609375,2.117185853877524,1.3137969356041608,1.6115015924465663,61.70785409848602,15.278909700561996,15.451935410041136,-0.1730257094791394,35.0,11.33,0.33,32.66,14.95,0.7,,MSFT,0.0,0.0
2025-05-27,459.93389892578125,460.19348195260824,455.3713920868909,455.7308170830738,20974300,439.99148712158205,,439.44727289292166,417.76808429153857,10.49273681640625,10.49273681640625,-0.0,3.2339259822146875,1.1386240108569394,2.840205327991286,73.95972572843976,15.213216808525033,15.404191689737916,-0.1909748812128846,35.0,11.33,0.33,32.66,14.95,0.7,,MSFT,0.0,0.0
2025-05-28,456.609375,461.7609101640183,456.1800880198718,460.4630558858422,17086300,443.1883346557617,,441.0817588078816,419.29127216245865,-3.32452392578125,0.0,3.32452392578125,2.8027358512527294,1.4300773328468477,1.959849154222547,66.21449445917231,14.723173838536011,15.267988119497538,-0.5448142809615248,35.0,11.33,0.33,32.66,14.95,0.7,,MSFT,0.0,0.0
2025-05-29,457.9272155761719,460.9622349154345,454.56275123248776,460.79250051058557,13974800,446.3902862548828,,442.6860880239093,420.8064071982905,1.317840576171875,1.317840576171875,-0.0,2.6047498145752823,1.2394003551339343,2.101621000660277,67.75879452108691,14.276578465406883,15.069706188679408,-0.7931277232725229,35.0,11.33,0.33,32.66,14.95,0.7,,MSFT,0.0,0.0
2025-05-30,459.60443115234375,460.9222720478794,454.79236501090486,458.96549737927586,34770500,448.1743301391601,,444.2973587980459,422.3278983337436,1.677215576171875,1.677215576171875,-0.0,2.4810785827881614,1.07414697444941,2.309812941622744,69.78681219641018,13.897780729397423,14.835321096823012,-0.9375403674255872,35.0,11.33,0.33,32.66,14.95,0.7,,MSFT,0.0,0.0
2025-06-02,461.2118225097656,461.35157690062545,456.1401731404802,456.3897628439735,16626500,449.5464569091797,,445.908260103924,423.85275810535234,1.607391357421875,1.607391357421875,-0.0,2.3645869527393235,0.9309273778561552,2.5400337437542784,71.75168169613323,13.570847560416324,14.582426389541675,-1.0115788291253498,35.0,11.33,0.33,32.66,14.95,0.7,,MSFT,0.0,0.0
2025-06-03,462.2101745605469,463.3782677615003,460.1036216507913,460.7126363614999,15743800,450.9241561889648,,447.4608233855071,425.35697051535993,0.99835205078125,0.99835205078125,-0.0,2.182422299144914,0.8068037274753346,2.7050225783837054,73.00961117391506,13.239690425688138,14.31387919677097,-1.0741887710828308,35.0,11.33,0.33,32.66,14.95,0.7,,MSFT,0.0,0.0
2025-06-04,463.1086730957031,464.9256933509807,462.2600620562611,463.2384646092932,14162700,452.4892837524414,,448.95109478647817,426.8374294400793,0.89849853515625,0.89849853515625,-0.0,2.0112324639464254,0.6992298971452899,2.8763536458575087,74.20256015421461,12.901032263954107,14.0313098102076,-1.1302775462534915,35.0,11.33,0.33,32.66,14.95,0.7,,MSFT,0.0,0.0
2025-06-05,466.91241455078125,468.8791825139859,463.26841119380083,464.1968775224098,20131700,454.2426055908203,,450.66169666879273,428.4089974836362,3.803741455078125,3.803741455078125,-0.0,2.250233662763985,0.6059992441925847,3.713261500453073,78.78326929443926,12.792113851445665,13.783470618455212,-0.9913567670095488,35.0,11.33,0.33,32.66,14.95,0.7,,MSFT,0.0,0.0
2025-06-06,469.6080017089844,472.56313512848675,468.0106215882427,469.31846913564885,15285600,455.8905426025391,,452.46610667262047,430.0246447081597,2.695587158203125,2.695587158203125,-0.0,2.3096141288225374,0.5251993449669067,4.397595219712371,81.47323096130043,12.77603243145728,13.581982981055628,-0.8059505495983466,35.0,11.33,0.33,32.66,14.95,0.7,,MSFT,0.0,0.0
2025-06-09,471.97412109375,472.6529977632414,467.8508943889836,468.92913895110996,16469900,457.6288833618164,,454.3240128079661,431.669722213477,2.366119384765625,2.366119384765625,-0.0,2.3171481629482824,0.4551727656379858,5.090700362312951,83.58152690965332,12.80658748145953,13.42690388113641,-0.620316399676879,35.0,11.33,0.33,32.66,14.95,0.7,,MSFT,0.0,0.0
2025-06-10,470.1471252441406,472.02401413852874,466.19360257943936,470.4166711436691,15375900,458.7512008666992,,455.83097589712565,433.17863997938537,-1.826995849609375,0.0,1.826995849609375,2.008195074555178,0.6380825101675044,3.1472341625975653,75.88754430558454,12.538839347658154,13.249290974440758,-0.7104516267826035,35.0,11.33,0.33,32.66,14.95,0.7,,MSFT,0.0,0.0
2025-06-11,471.8443298339844,474.68965849935887,468.88919632531986,469.24859086789724,16399200,459.9643569946289,,457.3560572244455,434.69494154231086,1.69720458984375,1.69720458984375,-0.0,1.9667296765936544,0.5530048421451705,3.5564420538606494,78.05305130232688,12.321561952585796,13.063745170069769,-0.7421832174839711,35.0,11.33,0.33,32.66,14.95,0.7,,MSFT,0.0,0.0
2025-06-12,478.0840759277344,479.6315503555016,472.7428502291372,474.2403884361742,18950600,461.300161743164,,459.3301542438064,436.39647622409217,6.23974609375,6.23974609375,-0.0,2.5364651988811677,0.4792708631924811,5.292341750102366,84.10766548107894,12.508671237969736,12.952730383649762,-0.4440591456800256,35.0,11.33,0.33,32.66,14.95,0.7,,MSFT,0.0,0.0
2025-06-13,474.18048095703125,478.3935562569989,471.98410990605987,475.62811338522215,16814500,462.3898696899414,,460.74447107363727,437.8782018998937,-3.903594970703125,0.0,3.903594970703125,2.198269839030345,0.935847410860567,2.3489618216808505,70.13999999862351,12.201319982553857,12.80244830343058,-0.6011283208767253,35.0,11.33,0.33,32.66,14.95,0.7,,MSFT,0.0,0.0
2025-06-16,478.3536376953125,479.90108160832807,474.2204177457221,474.4300645574067,15626100,463.6313293457032,,462.4215345614159,439.4654738918709,4.17315673828125,4.17315673828125,-0.0,2.461588092263799,0.811067756079158,3.034996859157048,75.21683324906205,12.154372727574582,12.67283318825938,-0.518460460684798,35.0,11.33,0.33,32.66,14.95,0.7,,MSFT,0.0,0.0
2025-06-17,477.25543212890625,477.9542649832925,473.30190948641297,474.6197503672441,15414100,464.5882568359375,,463.8342867107007,440.94743303842137,-1.09820556640625,0.0,1.09820556640625,2.133376346628626,0.8493527974561037,2.5117670219233994,71.52430688718357,11.891473178033436,12.516561186214192,-0.6250880081807555,35.0,11.33,0.33,32.66,14.95,0.7,,MSFT,0.0,0.0
2025-06-18,479.4518127441406,480.2105751696819,473.68130019053103,477.21549881727225,17526500,465.6899444580078,,465.3216701424568,442.4574087131555,2.196380615234375,2.196380615234375,-0.0,2.141776915776059,0.7361057577952899,2.909604894534305,74.42196776973506,11.725192233277312,12.358287395626816,-0.6330951623495054,35.0,11.33,0.33,32.66,14.95,0.7,,MSFT,0.0,0.0
2025-06-20,476.6164855957031,482.666537493529,476.0873566497709,481.4385756672578,37576200,466.9294067382813,,466.3973668522898,443.7969803556084,-2.8353271484375,0.0,2.8353271484375,1.8562066603392515,1.0160019432142513,1.8269715651004617,64.62645707706426,11.235114772031409,12.133652870907737,-0.8985380988763279,35.0,11.33,0.33,32.66,14.95,0.7,,MSFT,0.0,0.0
2025-06-23,485.2023620605469,486.94948990747275,471.7345120072702,477.425138713905,24864000,468.4838516235352,,468.1883187768857,445.4207208146256,8.58587646484375,8.58587646484375,-0.0,2.7534959676065176,0.8805350174523512,3.127071511106052,75.76974381691775,11.408028675407138,11.988528031807618,-0.5804993564004803,35.0,11.33,0.33,32.66,14.95,0.7,,MSFT,0.0,0.0
2025-06-24,489.30560302734375,491.0427680081874,486.0010379300524,488.1475336634371,22305600,470.4770736694336,,470.1994887055008,447.1416965876734,4.103240966796875,4.103240966796875,-0.0,2.933461967498565,0.7631303484587044,3.8439854651610736,79.3558422668234,11.740820572264738,11.938986539899044,-0.1981659676343046,35.0,11.33,0.33,32.66,14.95,0.7,,MSFT,0.0,0.0
2025-06-25,491.4620666503906,493.7483167920849,488.58681895090325,491.2324636297239,17495100,472.05348205566406,,472.2244961288236,448.8797503156232,2.156463623046875,2.156463623046875,-0.0,2.82986218823834,0.6613796353308772,4.278725919377012,81.05603482216749,12.039782027512842,11.959145637421804,0.0806363900910387,35.0,11.33,0.33,32.66,14.95,0.7,,MSFT,0.0,0.0
2025-06-26,496.6335754394531,497.2226034494893,492.0011761864687,492.1709105807123,21578900,474.05469207763673,,474.54917034888354,450.7524493400871,5.1715087890625,5.1715087890625,-0.0,3.142081735014895,0.5731956839534269,5.481691197225055,84.57192776434458,12.549347606364565,12.077186031210356,0.4721615751542067,35.0,11.33,0.33,32.66,14.95,0.7,,MSFT,0.0,0.0
2025-06-27,495.1260681152344,498.4805390751374,492.22084033701867,496.73341116664807,34539200,475.9146347045898,,476.5088748980598,452.492591252838,-1.50750732421875,0.0,1.50750732421875,2.723137503679576,0.6977705693221367,3.9026259108707073,79.60276761515341,12.685310394628402,12.198810903893966,0.4864994907344364,35.0,11.33,0.33,32.66,14.95,0.7,,MSFT,0.0,0.0
2025-06-30,496.5936584472656,499.9381665482639,494.51705506439515,496.22427056302723,28369000,477.764096069336,,478.4217114265556,454.2220448683058,1.46759033203125,1.46759033203125,-0.0,2.5557312141264656,0.6047344934125185,4.226203800124691,80.8656524267932,12.764344737907322,12.311917670696635,0.4524270672106851,35.0,11.33,0.33,32.66,14.95,0.7,,MSFT,0.0,0.0
2025-07-01,491.242431640625,497.2325843953567,490.1742108879921,495.655190908974,19945400,479.2656265258789,,479.6427323993241,455.6738247417301,-5.351226806640625,0.0,5.351226806640625,2.2149670522429368,1.237600135176266,1.7897275455027877,64.1542056100761,12.253925122135684,12.300319160984449,-0.0463940388487635,35.0,11.33,0.33,32.66,14.95,0.7,,MSFT,0.0,0.0
2025-07-02,490.2840270996094,492.69007550131784,487.8979653734086,489.1858263089447,16319600,480.669319152832,,480.6561890374465,457.031087579294,-0.958404541015625,0.0,0.958404541015625,1.9196381119438783,1.2003740559548473,1.5991999347377488,61.52662261047276,11.637923919930074,12.167840112773574,-0.5299161928434994,35.0,11.33,0.33,32.66,14.95,0.7,,MSFT,0.0,0.0
2025-07-03,498.02130126953125,499.3091926553608,492.6301698307581,492.99955771280014,13984800,482.4149505615234,,482.310009250026,458.6385469396954,7.737274169921875,7.737274169921875,-0.0,2.695322919674278,1.0403241818275344,2.5908490514364595,72.15143311022872,11.639894434094003,12.06225097703766,-0.4223565429436569,35.0,11.33,0.33,32.66,14.95,0.7,,MSFT,0.0,0.0
2025-07-07,496.90313720703125,497.9314455400232,494.41723357438383,496.56369887519327,13981600,483.914486694336,457.4390362548828,483.69983096021696,460.139119107042,-1.1181640625,0.0,1.1181640625,2.3359465303843745,1.0507028325838632,2.2232228351758327,68.97515154438746,11.41959164181111,11.933719109992351,-0.5141274681812416,35.0,11.33,0.33,32.66,14.95,0.7,,MSFT,0.0,0.0
2025-07-08,495.804931640625,497.3823555722493,493.2990413573122,496.42390920841734,11846600,485.224333190918,459.6360192871094,484.8526976916844,461.5377784220845,-1.09820556640625,0.0,1.09820556640625,2.0244869929997917,1.057036530426848,1.915247897991067,65.69759982713263,11.029245800487956,11.752824448091472,-0.7235786476035155,35.0,11.33,0.33,32.66,14.95,0.7,,MSFT,0.0,0.0
2025-07-09,502.68365478515625,505.94827712953634,498.919822567675,499.47890106455674,18659500,486.75980987548826,461.8798919677735,486.55088408153887,463.15134220102846,6.87872314453125,6.87872314453125,-0.0,2.6717184798706524,0.916098326369935,2.9164101745032225,74.4664129791552,11.146459927214664,11.63155154391611,-0.485091616701446,35.0,11.33,0.33,32.66,14.95,0.7,,MSFT,0.51664,1.0
2025-07-10,500.656982421875,503.6121159415126,496.93309312638246,502.22438258392543,16492100,488.285302734375,464.09698303222655,487.89432201871375,464.6221516214538,-2.02667236328125,0.0,2.02667236328125,2.3154893492212323,1.064174864624777,2.1758542004632506,68.51240841427375,10.949597303194992,11.495160695771888,-0.545563392576895,35.0,11.33,0.33,32.66,14.95,0.7,,MSFT,0.0,0.0
2025-07-11,502.49395751953125,504.20114253320645,496.9829974553982,497.6519112557523,16459500,489.8177841186524,466.29341369628906,489.2847634949821,466.107320480202,1.83697509765625,1.83697509765625,-0.0,2.251687449012568,0.9222848826748068,2.441422917485358,70.94225197027808,10.817117792984677,11.359552115214443,-0.5424343222297701,35.0,11.33,0.33,32.66,14.95,0.7,,MSFT,0.0,0.0
2025-07-14,502.1944274902344,503.14288052756655,500.20770324807717,500.6968893054946,12058800,491.02330169677737,468.4595385742188,490.5142553040537,467.52250114726206,-0.299530029296875,0.0,0.299530029296875,1.9514624558108924,0.839250902224416,2.325243202764017,69.92701167936296,10.566157173896102,11.200873126950778,-0.6347159530546769,35.0,11.33,0.33,32.66,14.95,0.7,,MSFT,0.0,0.0
2025-07-15,504.9898376464844,507.465747883617,501.9648118083004,502.19441482497484,14927200,492.56376953125,470.0808642578125,491.892882193809,468.9918084609571,2.79541015625,2.79541015625,-0.0,2.06398881586944,0.7273507819278272,2.8376800673794333,73.94259077248063,10.472119240648452,11.055122349690317,-0.5830031090418615,35.0,11.33,0.33,32.66,14.95,0.7,,MSFT,0.0,1.0
2025-07-16,504.7901611328125,505.88836188358,501.06630238508603,504.35088083250554,15154400,493.885595703125,471.5012817382813,493.12119447371407,470.3956654284808,-0.199676513671875,0.0,0.199676513671875,1.7887903070868485,0.6569942128270336,2.722688072684412,73.13769027983844,10.263173796236686,10.896732638999593,-0.6335588427629055,35.0,11.33,0.33,32.66,14.95,0.7,,MSFT,0.0,0.0
2025-07-17,510.8601989746094,512.5274410723513,504.7901605415637,504.85005963085433,17503100,495.56583404541016,473.0253619384766,494.8106234737993,471.9825098812702,6.070037841796875,6.070037841796875,-0.0,2.359623311714852,0.5693949844500958,4.144088683875049,80.56021073014047,10.46673039786674,10.81073219077302,-0.3440017929062797,35.0,11.33,0.33,32.66,14.95,0.7,,MSFT,0.0,0.0
2025-07-18,509.212890625,513.7953843002441,506.59719545986655,513.6356127696338,21209700,497.0538879394532,474.5734973144531,496.1822679643898,473.44252481239687,-1.647308349609375,0.0,1.647308349609375,2.0450068701528714,0.713116766471333,2.8677026909240118,74.14485859146801,10.37552387384318,10.723690527387053,-0.3481666535438741,35.0,11.33,0.33,32.66,14.95,0.7,,MSFT,0.0,0.0
2025-07-21,509.2228698730469,511.24956741731427,504.7202620876888,505.8783619126309,14066800,498.6842071533203,476.12103515625,497.4242300509286,474.845675599089,0.009979248046875,0.009979248046875,-0.0,1.773669853872072,0.618034530941822,2.8698555907049057,74.15924246884244,10.18662224804109,10.61627687151786,-0.4296546234767717,35.0,11.33,0.33,32.66,14.95,0.7,,MSFT,0.0,0.0
2025-07-22,504.44073486328125,510.3610256433726,504.44073486328125,510.13139215337156,13868600,499.646125793457,477.47686462402345,498.092468604486,476.0062661584691,-4.782135009765625,0.0,4.782135009765625,1.5371805400224623,1.1732479281183292,1.310192418142867,56.71356237919407,9.54105468006054,10.401232433226395,-0.860177753165857,35.0,11.33,0.33,32.66,14.95,0.7,,MSFT,0.0,0.0
2025-07-23,505.0397644042969,505.95826791167354,499.87826643817476,505.9183250285286,16396600,500.4328338623047,478.8335137939453,498.7541158235156,477.144834717129,0.599029541015625,0.599029541015625,-0.0,1.412093740154884,1.0168148710358853,1.3887422188429503,58.13696462884237,8.974323988418234,10.115850744264764,-1.141526755846531,35.0,11.33,0.33,32.66,14.95,0.7,,MSFT,0.0,0.0
2025-07-24,510.0415344238281,512.826933461713,506.4673929575042,507.93498157135946,16107000,501.3618072509765,480.0803289794922,499.8291080711644,478.4349013722937,5.00177001953125,5.00177001953125,-0.0,1.8907172440717328,0.8812395548977673,2.14552017503467,68.20875580653436,8.827034314320088,9.858087458275827,-1.0310531439557415,35.0,11.33,0.33,32.66,14.95,0.7,,MSFT,0.0,0.0
2025-07-25,512.866943359375,517.4393829887753,509.52240467312413,511.6289272082179,19125700,502.17347564697263,481.3860437011719,501.0708066700416,479.7851775286499,2.825408935546875,2.825408935546875,-0.0,2.015342802935085,0.763740947578065,2.638777990529425,72.51824643870331,8.836432184864407,9.653756403593544,-0.8173242187291372,35.0,11.33,0.33,32.66,14.95,0.7,,MSFT,0.0,0.0
2025-07-28,511.65887451171875,514.1547714605564,509.2827757416266,513.2362984451797,14308000,503.0001159667969,482.5918615722656,502.07919408353473,481.03512642994673,-1.20806884765625,0.0,1.20806884765625,1.7466304292104071,0.8229846675884898,2.1223122349634838,67.97245359378047,8.646724942487936,9.452350111372422,-0.805625168884486,35.0,11.33,0.33,32.66,14.95,0.7,,MSFT,0.15723955004591367,44.0
2025-07-29,511.728759765625,516.7704593446111,510.7204076628311,514.6839236482208,16469200,503.75687103271486,483.7787103271484,502.9982003389719,482.2387983254636,0.06988525390625,0.06988525390625,-0.0,1.5230644058365197,0.7132533785766911,2.1353763635523464,68.10590232086169,8.405130628202699,9.242906214738476,-0.8377755865357788,35.0,11.33,0.33,32.66,14.95,0.7,,MSFT,0.08308423976608187,57.0
2025-07-30,512.3976440429688,515.1032182392812,508.6038929137552,514.3244691518986,26380400,504.814631652832,484.9561743164063,503.8933854536383,483.42149815752265,0.66888427734375,0.66888427734375,-0.0,1.4091737220374838,0.618152928099799,2.2796522639944152,69.50896255135106,8.173420659041426,9.029009103599067,-0.8555884445576414,35.0,11.33,0.33,32.66,14.95,0.7,,MSFT,0.14376362121212122,40.0
2025-07-31,532.6243896484375,554.5383762548963,531.0270400328567,554.3187056451394,51617300,506.9316497802735,486.4463244628906,506.6296715674287,485.35102331402913,20.22674560546875,20.22674560546875,-0.0,3.918183306494986,0.5357325376864925,7.313692992057696,87.9716510947021,9.512266678407798,9.125660618560817,0.3866060598469829,35.0,11.33,0.33,32.66,14.95,0.7,,MSFT,0.09669594972715662,87.0
2025-08-01,523.2498168945312,534.9206337229102,520.0051507892547,534.1219588686084,28977600,508.1930755615234,487.76295959472657,508.2125425509623,486.83725051326456,-9.37457275390625,0.0,9.37457275390625,3.395758865628988,1.7142445665157937,1.980906885725691,66.4531621303376,9.704989047361494,9.241526304320953,0.4634627430405427,35.0,11.33,0.33,32.66,14.95,0.7,,MSFT,0.05427597319347319,52.0
2025-08-04,534.7609252929688,537.3666271513684,527.2632409127965,527.4030257699867,25349000,510.0859649658203,489.42163330078125,510.7409599549629,488.7166103085471,11.5111083984375,11.5111083984375,-0.0,4.477805470003457,1.4856786243136877,3.013979872041296,75.08706989376472,10.663649248014169,9.525950893059594,1.1376983549545727,35.0,11.33,0.33,32.66,14.95,0.7,,MSFT,0.1751869365789038,61.0
2025-08-05,526.8838500976562,536.4181643311854,526.374677366439,536.2983661514853,19171600,511.6399108886719,490.877041015625,512.2783780637908,490.21336481008086,-7.8770751953125,0.0,7.8770751953125,3.880764740669663,2.337864833780196,1.659961125466216,62.40546561278303,10.664842560602947,9.753729226568266,0.9111133340346828,35.0,11.33,0.33,32.66,14.95,0.7,,MSFT,0.14202752525252524,64.0
2025-08-06,524.0784912109375,530.8274067099719,523.1700114791388,530.0287318260303,21355700,512.7096527099609,492.3697875976562,513.4021983635191,491.5414089826635,-2.80535888671875,0.0,2.80535888671875,3.363329441913708,2.4001973741720035,1.4012720279197688,58.35540545290473,10.32045151186037,9.867073683626687,0.4533778282336822,35.0,11.33,0.33,32.66,14.95,0.7,,MSFT,0.16254674693362192,56.0
2025-08-07,519.9852294921875,527.2233308658066,516.7005900083886,525.9354090023164,16079100,513.6760650634766,493.5708142089844,514.0291537091066,492.6568529242135,-4.09326171875,0.0,4.09326171875,2.914885516325213,2.6259392867824034,1.1100353808624643,52.60742975829836,9.606489481727522,9.814956843246854,-0.2084673615193324,35.0,11.33,0.33,32.66,14.95,0.7,,MSFT,0.17116598039215686,17.0
2025-08-08,521.1832275390625,523.7989228282858,518.5575389118288,521.7423060527517,15531000,514.6105285644531,494.8622912597656,514.7104940738643,493.7755342816585,1.197998046875,1.197998046875,-0.0,2.685967187065185,2.2758140485447496,1.1802226059649752,54.13312396339474,9.033208652949838,9.658607205187453,-0.6253985522376126,35.0,11.33,0.33,32.66,14.95,0.7,,MSFT,0.14688617259552042,23.0
2025-08-11,520.9136962890625,526.7241518809952,518.8670119786243,521.4427947726738,20194400,515.5464920043945,496.12202087402346,515.3012752372165,494.8397759290077,-0.26953125,0.0,0.26953125,2.327838228789827,2.00830967540545,1.1591032285993783,53.6844747970339,8.459613389343986,9.418808442018758,-0.9591950526747725,35.0,11.33,0.33,32.66,14.95,0.7,,MSFT,0.13443355218855219,45.0
2025-08-12,528.3713989257812,530.1085334795151,521.8421543429575,522.8904188907295,18667000,516.7155700683594,497.4973602294922,516.5460489218417,496.1547415367243,7.45770263671875,7.45770263671875,-0.0,3.0118201498470167,1.7405350520180567,1.7303990208958868,63.37531648865431,8.508725989854383,9.236791951585882,-0.7280659617314988,35.0,11.33,0.33,32.66,14.95,0.7,,MSFT,0.06120713083213082,63.0
2025-08-13,519.7256469726562,531.825750889051,518.5176108745642,531.236692379076,19619200,517.4623443603516,498.66763671875,516.8488677838241,497.079090769506,-8.645751953125,0.0,8.645751953125,2.6102441298674144,2.661230638832316,0.9808410033234576,49.51639236454624,7.7605493701775,8.941543435304206,-1.180994065126706,35.0,11.33,0.33,32.66,14.95,0.7,,MSFT,0.10260014131701632,52.0
2025-08-14,521.6224975585938,525.0868343553949,519.2863720398742,521.7023833261101,20269100,518.0004592895508,499.8558831787109,517.303499190945,498.0415773102545,1.8968505859375,1.8968505859375,-0.0,2.5151249906767594,2.306399886988007,1.0904982283715476,52.16451339549912,7.237247514093156,8.600684251061997,-1.3634367369688416,35.0,11.33,0.33,32.66,14.95,0.7,,MSFT,0.1728363923182442,54.0
2025-08-15,519.3162841796875,525.2365445998882,518.2281072023833,521.9120536418995,25213300,518.5056289672851,500.98003540039065,517.4951929993966,498.87587954042834,-2.30621337890625,0.0,2.30621337890625,2.1797749919198584,2.306375019243773,0.945108654807827,48.588990258809055,6.560805989623304,8.192708598774258,-1.631902609150954,35.0,11.33,0.33,32.66,14.95,0.7,,MSFT,0.22209646464646463,33.0
2025-08-18,516.2512817382812,521.9619254356152,513.176380682391,520.7339636806648,23760600,518.8570495605469,501.9668127441406,517.3767252602428,499.5572678619128,-3.06500244140625,0.0,3.06500244140625,1.889138326330544,2.40752534219877,0.7846805569262303,43.967563488095145,5.711561797181503,7.696479238455708,-1.984917441274205,35.0,11.33,0.33,32.66,14.95,0.7,,MSFT,0.13904829457364343,43.0
2025-08-19,508.933349609375,514.314487646487,507.7153506663982,514.1547770514178,21481000,519.0816802978516,502.7533197021484,516.5725942458744,499.9249573422055,-7.31793212890625,0.0,7.31793212890625,1.637253216153138,3.0622462470931007,0.5346575957786981,34.83888505483911,4.39734384926237,7.036652160617041,-2.6393083113546707,35.0,11.33,0.33,32.66,14.95,0.7,,MSFT,0.13357509630200307,59.0
2025-08-20,504.8900146484375,510.161347905157,503.6121166003689,509.0331975839143,27723000,519.0741928100585,503.41163757324216,515.459967617547,500.1196654718616,-4.0433349609375,0.0,4.0433349609375,1.4189527873327197,3.193058075605688,0.4443867771066331,30.76646672138746,2.995028493190944,6.228327427131822,-3.233298933940878,35.0,11.33,0.33,32.66,14.95,0.7,,MSFT,0.07408477766798419,46.0
2025-08-21,504.239990234375,507.6300048828125,502.7200012207031,503.69000244140625,18443300,518.7841156005859,504.0934948730469,514.3913983429592,500.2812468350974,-0.6500244140625,0.0,0.6500244140625,1.2297590823550235,2.853986920733263,0.4308916321309093,30.113505625105788,1.8103631926605883,5.344734580237575,-3.5343713875769867,35.0,11.33,0.33,32.66,14.95,0.7,,MSFT,0.003845709051297296,51.0
2025-08-22,507.2300109863281,510.7300109863281,502.4100036621094,504.25,24324200,518.5022689819336,504.80120849609375,513.7093614518515,500.5537473900477,2.990020751953125,2.990020751953125,-0.0,1.4644606383014371,2.473455331302161,0.5920707844481127,37.18872240051516,1.1000958725416012,4.495806838698381,-3.39571096615678,35.0,11.33,0.33,32.66,14.95,0.7,,MSFT,0.10909537329819939,46.0
2025-08-25,504.260009765625,508.19000244140625,504.1199951171875,506.6300048828125,21638600,518.1323257446289,505.3247271728516,512.8094231960204,500.6990910126193,-2.970001220703125,0.0,2.970001220703125,1.2691992198612456,2.5396614498889565,0.4997513428086014,33.32228007028894,0.2941587480327712,3.6554772205652593,-3.361318472532488,35.0,11.33,0.33,32.66,14.95,0.7,,MSFT,0.10315842494714586,43.0
2025-08-26,502.0400085449219,504.9800109863281,498.510009765625,504.3599853515625,30835700,517.6478881835938,505.88191772460937,511.7837646578205,500.7516760138861,-2.220001220703125,0.0,2.220001220703125,1.0999726572130797,2.4970400859975124,0.4405106122970648,30.580171262648207,-0.5177198229408759,2.8208378118640325,-3.3385576348049084,35.0,11.33,0.33,32.66,14.95,0.7,,MSFT,0.16416409678177118,43.0
2025-08-27,506.739990234375,507.2900085449219,499.8999938964844,502.0,17277900,517.3650054931641,506.44964477539065,511.3034051889209,500.98651186567,4.699981689453125,4.699981689453125,-0.0,1.5799738615117525,2.1641014078645107,0.7300830985877123,42.19930818257736,-0.7729797671610754,2.102074296059011,-2.8750540632200865,35.0,11.33,0.33,32.66,14.95,0.7,,MSFT,0.1556860909090909,50.0
2025-08-28,509.6400146484375,511.0899963378906,505.5,507.0899963378906,18015600,516.215786743164,507.0973364257813,511.1449870422082,501.3258649159746,2.9000244140625,2.9000244140625,-0.0,1.7559806018518522,1.875554553482576,0.9362460817742166,48.35367211776706,-0.7328198868139566,1.5350954594844175,-2.2679153462983743,35.0,11.33,0.33,32.66,14.95,0.7,,MSFT,0.07359387806637806,42.0
2025-08-29,506.69000244140625,509.6000061035156,504.489990234375,508.6600036621094,20961600,515.3877960205078,507.64210021972656,510.7207027945128,501.5362232503053,-2.95001220703125,0.0,2.95001220703125,1.521849854938272,2.0188155739557323,0.7538330269348529,42.982029381229935,-0.9283329784212242,1.0424097719032892,-1.9707427503245132,35.0,11.33,0.33,32.66,14.95,0.7,,MSFT,0.15641783861340677,44.0
2025-09-02,505.1199951171875,506.0,496.80999755859375,500.4700012207031,18128000,513.9057495117188,508.21217041015626,510.18730206333896,501.6767633235164,-1.57000732421875,0.0,1.57000732421875,1.3189365409465024,1.9589744739908013,0.6732790847751983,40.23710634413697,-1.1961762073569844,0.5946925760512346,-1.7908687834082189,35.0,11.33,0.33,32.66,14.95,0.7,,MSFT,0.03446828987549917,43.0
2025-09-03,505.3500061035156,507.7900085449219,502.32000732421875,503.7900085449219,16345100,512.8290573120117,508.6151232910156,509.7266072100225,501.8208120599869,0.230010986328125,0.230010986328125,-0.0,1.1737464669973854,1.697777877458695,0.6913427737404014,40.87537928290539,-1.3740447985556443,0.2009451011298588,-1.5749898996855032,35.0,11.33,0.33,32.66,14.95,0.7,,MSFT,0.06815363237639553,38.0
2025-09-04,507.9700012207031,508.1499938964844,503.1499938964844,504.29998779296875,15509500,512.0236328125,508.9884112548828,509.5593114015159,502.06195673295616,2.6199951171875,2.6199951171875,-0.0,1.3665796203560674,1.4714074937975354,0.9287567353820394,48.15312985533531,-1.2887394427269785,-0.0969918076415086,-1.1917476350854697,35.0,11.33,0.33,32.66,14.95,0.7,,MSFT,0.10356688492063491,28.0
2025-09-05,495.0,511.9700012207031,492.3699951171875,509.07000732421875,31994800,510.7743713378906,509.059169921875,508.1727103156573,501.7850172532324,-12.970001220703123,0.0,12.970001220703123,1.1843690043085917,3.004553324051614,0.3941913744141776,28.27383540368065,-2.241862244880622,-0.5259658950893313,-1.7158963497912905,35.0,11.33,0.33,32.66,14.95,0.7,,MSFT,0.13765032766691304,41.0
2025-09-08,498.20001220703125,501.20001220703125,495.0299987792969,498.1099853515625,16771000,509.6252105712891,509.0904986572266,507.22292954340713,501.64442882004806,3.20001220703125,3.20001220703125,-0.0,1.4531214313382794,2.6039462141780656,0.5580458703126311,35.817037286627254,-2.707790962304614,-0.962330908532388,-1.745460053772226,35.0,11.33,0.33,32.66,14.95,0.7,,MSFT,0.10015923185341791,43.0
2025-09-09,498.4100036621094,502.25,497.70001220703125,501.42999267578125,14410500,508.5000259399414,509.156177368164,506.3836032689978,501.517588617776,0.209991455078125,0.209991455078125,-0.0,1.2873707678369255,2.2567533856209905,0.5704525696247842,36.32408776032491,-3.0252253574619203,-1.3749097983182943,-1.650315559143626,35.0,11.33,0.33,32.66,14.95,0.7,,MSFT,0.08448582828282827,20.0
2025-09-10,500.3699951171875,503.2300109863281,496.7200012207031,502.9800109863281,21611800,507.0999557495117,509.2317041015625,505.8108786831111,501.4725849510862,1.959991455078125,1.959991455078125,-0.0,1.3770535261357522,1.9558529342048585,0.7040680319328743,41.31689690430203,-3.083099421553697,-1.716547722965375,-1.3665516985883226,35.0,11.33,0.33,32.66,14.95,0.7,,MSFT,0.10395129629629629,27.0
2025-09-11,501.010009765625,503.1700134277344,497.8800048828125,502.25,18881600,506.16417388916017,509.4270556640625,505.3536530719219,501.4544447477349,0.6400146484375,0.6400146484375,-0.0,1.2787816757759851,1.6950725429775442,0.7544111790812756,43.00081919657709,-3.0422520135274453,-1.981688581077789,-1.0605634324496562,35.0,11.33,0.33,32.66,14.95,0.7,,MSFT,0.09341319602272727,32.0
2025-09-12,509.8999938964844,512.5499877929688,503.8500061035156,506.6499938964844,23624900,505.5780487060547,509.819375,505.7866379123564,501.7856427535682,8.889984130859375,8.889984130859375,-0.0,2.293608669787104,1.4690628705805384,1.561273323095236,60.95691970931378,-2.266406996645969,-2.0386322641914254,-0.2277747324545438,35.0,11.33,0.33,32.66,14.95,0.7,,MSFT,0.12096626262626263,52.0
2025-09-15,515.3599853515625,515.469970703125,507.0,508.7900085449219,17143800,505.3802337646485,510.1661486816406,506.6983852875189,502.3179699142739,5.459991455078125,5.459991455078125,-0.0,2.71579304115924,1.2731878211698,2.133065519480056,68.08237830385514,-1.1971683403178304,-1.8703394794167063,0.6731711390988762,35.0,11.33,0.33,32.66,14.95,0.7,,MSFT,0.11077853642811089,47.0
2025-09-16,509.0400085449219,517.22998046875,508.6000061035156,516.8800048828125,19711900,505.0196701049805,510.40888610839846,506.9213970263192,502.58157927233856,-6.319976806640625,0.0,6.319976806640625,2.3536873023380083,1.9460930192325767,1.209442343750949,54.73971055056772,-0.8499604962563581,-1.6662636827846369,0.8163031865282788,35.0,11.33,0.33,32.66,14.95,0.7,,MSFT,0.19017868421052633,38.0
2025-09-17,510.0199890136719,511.2900085449219,505.92999267578125,510.6199951171875,15816600,505.0740020751953,510.69318725585936,507.21650102511467,502.873281615136,0.97998046875,0.97998046875,-0.0,2.170526391192941,1.6866139500015664,1.2869135768685684,56.27294314421435,-0.4900703189716751,-1.4310250100220443,0.9409546910503694,35.0,11.33,0.33,32.66,14.95,0.7,,MSFT,0.09065123693071062,57.0
2025-09-18,508.45001220703125,513.0700073242188,507.6600036621094,511.489990234375,18913700,505.252001953125,510.8085144042969,507.3339782805353,503.0919769324652,-1.569976806640625,0.0,1.569976806640625,1.8811228723672155,1.6710623308867745,1.1257047912563316,52.95677912975953,-0.3277605484781247,-1.2103721177132605,0.8826115692351357,35.0,11.33,0.33,32.66,14.95,0.7,,MSFT,0.18589609678515925,52.0
2025-09-19,517.9299926757812,519.2999877929688,510.30999755859375,510.55999755859375,52474100,505.93650207519534,511.153974609375,508.343122508654,503.67385990279126,9.47998046875,9.47998046875,-0.0,2.894303885218253,1.4482540201018712,1.9984780605094856,66.6497476446406,0.5593781472616683,-0.8564220647182748,1.415800211979943,35.0,11.33,0.33,32.66,14.95,0.7,,MSFT,0.2002975554323725,41.0
2025-09-22,514.4500122070312,517.739990234375,512.5399780273438,515.5900268554688,20009300,506.2975021362305,511.393095703125,508.92473105135656,504.0964541108007,-3.47998046875,0.0,3.47998046875,2.508396700522486,1.7191508799216215,1.4590904904384234,59.3345586960603,0.970449872658719,-0.491047677242876,1.461497549901595,35.0,11.33,0.33,32.66,14.95,0.7,,MSFT,0.00739966666666666,10.0
2025-09-23,509.2300109863281,514.5900268554688,507.30999755859375,513.7999877929688,19799600,506.5460021972656,511.5338073730469,508.9538053308777,504.2977700667037,-5.220001220703125,0.0,5.220001220703125,2.173943807119488,2.1859309253591555,0.9945162410666304,49.86252909802236,0.8650450031826153,-0.2198291411577777,1.084874144340393,35.0,11.33,0.33,32.66,14.95,0.7,,MSFT,0.13070128956228957,45.0
2025-09-24,510.1499938964844,512.47998046875,506.9200134277344,510.3800048828125,13533700,506.9515014648438,511.6370104980469,509.0677280514116,504.5272690404206,0.91998291015625,0.91998291015625,-0.0,2.0067490208577228,1.8944734686446012,1.059264779407784,51.4389790958506,0.8459937278712459,-0.006664567351973,0.8526582952232189,35.0,11.33,0.33,32.66,14.95,0.7,,MSFT,0.11062999053030304,48.0
2025-09-25,507.0299987792969,510.010009765625,505.0400085449219,508.29998779296875,15786500,506.9660018920898,511.6818072509766,508.8736585969245,504.6254153046903,-3.1199951171875,0.0,3.1199951171875,1.73918248474336,2.057876355116988,0.8451345876144678,45.80341148485667,0.5725380614799178,0.1091759584144051,0.4633621030655127,35.0,11.33,0.33,32.66,14.95,0.7,,MSFT,0.06530323051948052,42.0
2025-09-26,511.4599914550781,513.9400024414062,506.6199951171875,510.05999755859375,16213100,507.0570007324219,511.6938031005859,509.1199760119867,504.8934378988232,4.42999267578125,4.42999267578125,-0.0,2.0979571768817453,1.7834928411013895,1.1763193709183375,54.05086158939844,0.7051572478569028,0.2283722163029047,0.4767850315539981,35.0,11.33,0.33,32.66,14.95,0.7,,MSFT,0.11812298725895315,44.0
2025-09-29,514.5999755859375,516.8499755859375,508.8800048828125,511.5,17617800,507.4524993896485,511.8015447998047,509.64188073331536,505.2740864355728,3.139984130859375,3.139984130859375,-0.0,2.2368941040787624,1.5456937956212045,1.4471780312605635,59.13660603250467,1.051508253344991,0.392999423711322,0.6585088296336693,35.0,11.33,0.33,32.66,14.95,0.7,,MSFT,0.12523590187590186,42.0
2025-09-30,517.9500122070312,518.1599731445312,509.6600036621094,513.239990234375,19728200,508.0940002441406,511.9760876464844,510.4331313498597,505.7711815638653,3.35003662109375,3.35003662109375,-0.0,2.385313106347428,1.339601289538377,1.7806142207950544,64.03672280313404,1.578122267266565,0.6300239924223707,0.9480982748441942,35.0,11.33,0.33,32.66,14.95,0.7,,MSFT,0.12413566069347318,52.0
2025-10-01,519.7100219726562,520.510009765625,511.69000244140625,514.7999877929688,22632300,508.81200103759767,512.2814733886719,511.31664474250704,506.3178027563669,1.760009765625,1.760009765625,-0.0,2.3019393275844378,1.1609877842665937,1.9827420742747892,66.47380245765515,2.113126934494062,0.926644580836709,1.186482353657353,35.0,11.33,0.33,32.66,14.95,0.7,,MSFT,0.1017678921871779,49.0
2025-10-02,515.739990234375,521.5999755859375,510.67999267578125,517.6400146484375,21222900,509.2005004882813,512.4954779052734,511.7379157417326,506.6873003045241,-3.97003173828125,0.0,3.97003173828125,1.9950140839065127,1.5355269781352143,1.2992374033892335,56.50731853413957,2.191511228162767,1.1796179103019206,1.0118933178608465,35.0,11.33,0.33,32.66,14.95,0.7,,MSFT,0.1853241111111111,35.0
2025-10-03,517.3499755859375,520.489990234375,515.0,517.0999755859375,15112300,510.3179992675781,512.6416467285156,512.2723976316569,507.105444433207,1.6099853515625,1.6099853515625,-0.0,1.9436769195939776,1.330790047717186,1.460543624389232,59.358574662612426,2.356380817023137,1.414970491646164,0.9414103253769728,35.0,11.33,0.33,32.66,14.95,0.7,,MSFT,0.11720412808641972,36.0
2025-10-06,528.5700073242188,531.030029296875,518.2000122070312,518.6099853515625,21388600,511.8364990234375,512.9557080078125,513.8245509357104,507.9471919975604,11.22003173828125,11.22003173828125,-0.0,3.1805242287522804,1.1533513746882278,2.757636829983434,73.38752931042544,3.3537440715541607,1.802725207627764,1.551018863926397,35.0,11.33,0.33,32.66,14.95,0.7,,MSFT,0.1818104920169436,31.0
2025-10-07,523.97998046875,529.7999877929688,521.4400024414062,528.2899780273438,14615200,513.1149978637695,513.2021301269531,514.7917347007618,508.5759288003522,-4.59002685546875,0.0,4.59002685546875,2.7564543315853096,1.6115747721256306,1.7104104502390596,63.10521899324143,3.7307787346786654,2.1883359130379443,1.542442821640721,35.0,11.33,0.33,32.66,14.95,0.7,,MSFT,0.14537683585858585,40.0
2025-10-08,524.8499755859375,526.9500122070312,523.0900268554688,523.280029296875,13363400,514.338996887207,513.4645544433594,515.7496624041119,509.2141267135124,0.8699951171875,0.8699951171875,-0.0,2.5049264363322683,1.3966981358422133,1.7934630053914906,64.20213913447353,4.053061585680894,2.561281047566534,1.4917805381143596,35.0,11.33,0.33,32.66,14.95,0.7,,MSFT,0.03754908080808081,45.0
2025-10-09,522.4000244140625,524.3300170898438,517.4000244140625,522.3400268554688,18343600,515.4084976196289,513.6646020507812,516.3830302145834,509.73122074098495,-2.449951171875,0.0,2.449951171875,2.1709362448212994,1.5371318739799182,1.4123292097250866,58.546288128146415,4.063935958531033,2.861812029759434,1.202123928771599,35.0,11.33,0.33,32.66,14.95,0.7,,MSFT,0.2028011849261849,39.0
2025-10-10,510.9599914550781,523.5800170898438,509.6300048828125,519.6400146484375,24133800,515.4614974975586,513.231314086914,515.8665503327258,509.7794078278121,-11.440032958984377,0.0,11.440032958984377,1.8814780788451264,2.857518685313845,0.6584307177114681,39.70203341506251,3.113547884024229,2.912159200612393,0.2013886834118357,35.0,11.33,0.33,32.66,14.95,0.7,,MSFT,0.02757851851851852,36.0
2025-10-13,514.0499877929688,516.4099731445312,511.67999267578125,516.4099731445312,14284200,515.3959976196289,513.0473175048828,515.6935443765584,509.9468815519359,3.089996337890625,3.089996337890625,-0.0,2.042613846717859,2.476516193938666,0.8247932526010556,45.199271283220575,2.579955249937143,2.845718410477343,-0.2657631605402,35.0,11.33,0.33,32.66,14.95,0.7,,MSFT,0.04906473824786324,52.0
2025-10-14,513.5700073242188,515.280029296875,506.0,510.2300109863281,14684300,515.6224975585938,512.6234991455078,515.491302752526,510.08896491555487,-0.47998046875,0.0,0.47998046875,1.7702653338221446,2.210311430580177,0.8009121743343984,44.47258371332897,2.094208103217284,2.695416349025331,-0.6012082458080474,35.0,11.33,0.33,32.66,14.95,0.7,,MSFT,0.13404777429467082,29.0
2025-10-15,513.4299926757812,517.1900024414062,510.0,514.9600219726562,14694700,515.7929977416992,512.3544219970703,515.2949875071218,510.2199856120344,-0.1400146484375,0.0,0.1400146484375,1.534229955979192,1.93427185962782,0.7931821725796075,44.23321761216063,1.6786020977554017,2.4920534987713454,-0.8134514010159437,35.0,11.33,0.33,32.66,14.95,0.7,,MSFT,0.08771712860310422,41.0
2025-10-16,511.6099853515625,516.8499755859375,508.1300048828125,512.5800170898438,15559600,515.9509963989258,512.1050518798828,514.9440349208782,510.2744954057414,-1.82000732421875,0.0,1.82000732421875,1.3296659618486333,1.919036588239944,0.692882027365692,40.92913836671133,1.1886697189202096,2.2313767428011184,-1.0427070238809089,35.0,11.33,0.33,32.66,14.95,0.7,,MSFT,0.11545848484848484,49.0
2025-10-17,513.5800170898438,515.47998046875,507.30999755859375,509.0400085449219,19867800,515.7334976196289,511.9769476318359,514.8141284607797,510.4041237070788,1.97003173828125,1.97003173828125,-0.0,1.4150480653729822,1.663165043141285,0.8508163824200666,45.96978881868158,0.9484269998789614,1.9747867942166872,-1.0263597943377258,35.0,11.33,0.33,32.66,14.95,0.7,,MSFT,0.12147792792792791,37.0
2025-10-20,516.7899780273438,518.7000122070312,513.4299926757812,514.6099853515625,14665600,515.8504959106446,511.8890826416016,515.0023046099762,510.654549366697,3.2099609375,3.2099609375,-0.0,1.6543697816565843,1.4414097040557805,1.147744306841827,53.43952272091176,1.0054596224264287,1.7809213598586358,-0.775461737432207,35.0,11.33,0.33,32.66,14.95,0.7,,MSFT,0.19823318072024596,23.0
2025-10-21,517.6599731445312,518.6900024414062,513.0399780273438,517.5,15586200,516.2719940185547,511.8240081787109,515.2554158989815,510.9292718677886,0.8699951171875,0.8699951171875,-0.0,1.5497864930607066,1.2492217435150097,1.2406015994406083,55.3691294226666,1.1080863916346289,1.6463543662138345,-0.5382679745792056,35.0,11.33,0.33,32.66,14.95,0.7,,MSFT,0.17506286036036037,37.0
2025-10-22,520.5399780273438,525.22998046875,517.7100219726562,521.1500244140625,18962700,516.7914932250976,511.66737976074216,515.7587075302541,511.3061623054182,2.8800048828125,2.8800048828125,-0.0,1.7271489450276123,1.0826588443796752,1.5952845663189563,61.46857986296438,1.4056081941544107,1.59820513180195,-0.1925969376475391,35.0,11.33,0.33,32.66,14.95,0.7,,MSFT,0.10273920138888888,32.0
2025-10-23,520.5599975585938,523.9500122070312,518.6099853515625,522.4600219726562,13989600,517.4679931640625,511.68406677246094,516.2159732472388,511.6690578055428,0.02001953125,0.02001953125,-0.0,1.499531689857264,0.9383043317957184,1.5981293478497256,61.51076924527933,1.6242879941297588,1.6034217042675118,0.0208662898622469,35.0,11.33,0.33,32.66,14.95,0.7,,MSFT,0.09871626666666668,25.0
2025-10-24,523.3049926757812,525.0499877929688,520.7100219726562,522.489990234375,3104825,518.0602432250977,511.7177166748047,516.8911179547191,512.1253689769246,2.7449951171875,2.7449951171875,-0.0,1.6655934801679624,0.8131970875562894,2.0482039417691227,67.19379611393003,1.9960818867165244,1.6819537407573144,0.31412814595921,35.0,11.33,0.33,32.66,14.95,0.7,,MSFT,0.0,1.0
